{"cameraMode":{"drawMode":0,"name":"Shaded","section":"Shading Mode"},"sceneLighting":false,"audioPlay":false,"sceneViewState":{"m_AlwaysRefresh":false,"showFog":false,"showSkybox":false,"showFlares":false,"showImageEffects":false,"showParticleSystems":false,"showVisualEffectGraphs":true,"m_FxEnabled":true},"in2DMode":false,"pivot":{"x":-0.1560155153274536,"y":2.0975003242492677,"z":0.36844494938850405},"rotation":{"x":-0.16837316751480103,"y":-0.7357840538024902,"z":0.19725070893764497,"w":-0.6263604760169983},"size":1.6239019632339478,"orthographic":false}