{"cameraMode":{"drawMode":0,"name":"Shaded","section":"Shading Mode"},"sceneLighting":true,"audioPlay":false,"sceneViewState":{"m_AlwaysRefresh":false,"showFog":true,"showSkybox":true,"showFlares":true,"showImageEffects":true,"showParticleSystems":true,"showVisualEffectGraphs":true,"m_FxEnabled":true},"in2DMode":false,"pivot":{"x":0.10397645831108093,"y":0.515201210975647,"z":0.9205883741378784},"rotation":{"x":0.07111378759145737,"y":-0.8922434449195862,"z":0.419840544462204,"w":0.15105925500392915},"size":0.05723603814840317,"orthographic":false}