{"cameraMode":{"drawMode":0,"name":"Shaded","section":"Shading Mode"},"sceneLighting":true,"audioPlay":false,"sceneViewState":{"m_AlwaysRefresh":false,"showFog":true,"showSkybox":true,"showFlares":true,"showImageEffects":true,"showParticleSystems":true,"showVisualEffectGraphs":true,"m_FxEnabled":true},"in2DMode":false,"pivot":{"x":-2.9489998817443849,"y":1.4719998836517335,"z":-7.626999855041504},"rotation":{"x":0.12855291366577149,"y":0.6367973685264587,"z":-0.10663122683763504,"w":0.7534387707710266},"size":0.8660253882408142,"orthographic":false}