{"cameraMode":{"drawMode":0,"name":"Shaded","section":"Shading Mode"},"sceneLighting":true,"audioPlay":false,"sceneViewState":{"m_AlwaysRefresh":false,"showFog":true,"showSkybox":true,"showFlares":true,"showImageEffects":true,"showParticleSystems":true,"showVisualEffectGraphs":true,"m_FxEnabled":true},"in2DMode":false,"pivot":{"x":-3.0316927433013918,"y":1.8589121103286744,"z":-5.943830490112305},"rotation":{"x":0.001800299040041864,"y":0.012022729963064194,"z":-0.0007170129101723433,"w":-1.0004295110702515},"size":1.8236216306686402,"orthographic":false}