{"cameraMode":{"drawMode":0,"name":"Shaded","section":"Shading Mode"},"sceneLighting":true,"audioPlay":false,"sceneViewState":{"m_AlwaysRefresh":false,"showFog":true,"showSkybox":true,"showFlares":true,"showImageEffects":true,"showParticleSystems":true,"showVisualEffectGraphs":true,"m_FxEnabled":true},"in2DMode":false,"pivot":{"x":-2.186857223510742,"y":1.0957088470458985,"z":-5.545506477355957},"rotation":{"x":0.024770746007561685,"y":0.9784936904907227,"z":-0.17869865894317628,"w":0.1063830778002739},"size":0.23767906427383424,"orthographic":false}