{"cameraMode":{"drawMode":0,"name":"Shaded","section":"Shading Mode"},"sceneLighting":true,"audioPlay":false,"sceneViewState":{"m_AlwaysRefresh":false,"showFog":true,"showSkybox":true,"showFlares":true,"showImageEffects":true,"showParticleSystems":true,"showVisualEffectGraphs":true,"m_FxEnabled":true},"in2DMode":false,"pivot":{"x":0.16589903831481934,"y":0.49437591433525088,"z":1.92103910446167},"rotation":{"x":0.2941054105758667,"y":0.09530961513519287,"z":-0.029622159898281099,"w":0.9507775902748108},"size":0.5011619329452515,"orthographic":false}