{"cameraMode":{"drawMode":0,"name":"Shaded","section":"Shading Mode"},"sceneLighting":true,"audioPlay":false,"sceneViewState":{"m_AlwaysRefresh":false,"showFog":true,"showSkybox":true,"showFlares":true,"showImageEffects":true,"showParticleSystems":true,"showVisualEffectGraphs":true,"m_FxEnabled":true},"in2DMode":false,"pivot":{"x":-1.0374563932418824,"y":1.1851304769515992,"z":-6.171178340911865},"rotation":{"x":-0.15591023862361909,"y":-0.46213313937187197,"z":0.07834344357252121,"w":-0.8703386783599854},"size":1.3449110984802247,"orthographic":false}