{"cameraMode":{"drawMode":0,"name":"Shaded","section":"Shading Mode"},"sceneLighting":false,"audioPlay":false,"sceneViewState":{"m_AlwaysRefresh":false,"showFog":true,"showSkybox":false,"showFlares":true,"showImageEffects":true,"showParticleSystems":true,"showVisualEffectGraphs":true,"m_FxEnabled":true},"in2DMode":false,"pivot":{"x":26.762935638427736,"y":8.839524269104004,"z":21.07537841796875},"rotation":{"x":0.08633497357368469,"y":-0.9110676646232605,"z":0.24658644199371339,"w":0.3191361725330353},"size":0.44441530108451846,"orthographic":false}