{"cameraMode":{"drawMode":0,"name":"Shaded","section":"Shading Mode"},"sceneLighting":false,"audioPlay":false,"sceneViewState":{"m_AlwaysRefresh":false,"showFog":true,"showSkybox":false,"showFlares":true,"showImageEffects":true,"showParticleSystems":true,"showVisualEffectGraphs":true,"m_FxEnabled":true},"in2DMode":false,"pivot":{"x":-2.384185791015625e-7,"y":0.8602889776229858,"z":0.1626044660806656},"rotation":{"x":-0.13093024492263795,"y":0.1657852977514267,"z":-0.02268579788506031,"w":-0.9776641130447388},"size":1.2665648460388184,"orthographic":false}