{"cameraMode":{"drawMode":0,"name":"Shaded","section":"Shading Mode"},"sceneLighting":false,"audioPlay":false,"sceneViewState":{"m_AlwaysRefresh":false,"showFog":false,"showSkybox":false,"showFlares":false,"showImageEffects":false,"showParticleSystems":false,"showVisualEffectGraphs":true,"m_FxEnabled":true},"in2DMode":false,"pivot":{"x":0.012038946151733399,"y":1.8383638858795167,"z":0.5322126150131226},"rotation":{"x":0.06061727926135063,"y":-0.7464998960494995,"z":-0.06880684196949005,"w":-0.6596774458885193},"size":1.284148931503296,"orthographic":false}