{"cameraMode":{"drawMode":0,"name":"Shaded","section":"Shading Mode"},"sceneLighting":false,"audioPlay":false,"sceneViewState":{"m_AlwaysRefresh":false,"showFog":false,"showSkybox":false,"showFlares":false,"showImageEffects":false,"showParticleSystems":false,"showVisualEffectGraphs":true,"m_FxEnabled":true},"in2DMode":false,"pivot":{"x":0.0677570104598999,"y":1.7804853916168213,"z":0.0625472366809845},"rotation":{"x":-0.01604088395833969,"y":0.12278062850236893,"z":-0.002419929951429367,"w":-0.9927762746810913},"size":2.5233285427093508,"orthographic":false}